ticker,ADANIENT,ADANIPORTS,APOLLOHOSP,ASIANPAINT,AXISBANK,BAJAJ-AUTO,BAJAJFINSV,BAJFINANCE,BEL,BHARTIARTL,BPCL,BRITANNIA,CIPLA,COALINDIA,DRREDDY,EICHERMOT,GRASIM,HCLTECH,HDFCBANK,HDFCLIFE,HEROMOTOCO,HINDALCO,HINDUNILVR,ICICIBANK,INDUSINDBK,INFY,ITC,JSWSTEEL,KOTAKBANK,LT,M&M,NESTLEIND,NTPC,ONGC,POWERGRID,RELIANCE,SBILIFE,SBIN,SHRIRAMFIN,SUNPHARMA,TATACONSUM,TATAMOTORS,TATASTEEL,TCS,TECHM,TITAN,TRENT,WIPRO
ADANIENT,1.0,0.3394827376063111,0.1733640282364813,0.2595345443384771,0.31394926148369123,,0.44931798786198845,0.25818765941854244,0.20535341627445874,0.35102387140839825,0.2733212644876464,0.14401976693250107,0.12843072828540666,0.29806410572272757,0.20733995187336676,0.3661308719957767,0.34094048042242187,0.17280331264635607,0.14687379886385038,0.2729950850696732,0.23163253422873142,0.317872769324626,-0.0095808246563447,0.15735259020687753,0.32050726949144565,0.1265434026175264,0.26575718839346496,0.4760060247363537,0.2337526301249154,0.5658738265589798,0.333229853908966,0.09631945398911995,0.32554687787048037,0.2208323763449664,0.18632253704032575,0.5418836372973604,0.3006706057799984,0.3216671459125949,0.49876728254195035,0.2083853692063778,0.23968802344633533,0.3048293025083264,0.01942904291078157,0.1042390935904693,0.15614652463609718,0.28390096659389275,0.19204642613240616,0.2917163604383514
ADANIPORTS,0.3394827376063111,1.0,0.13602686494588145,0.054479290056265055,0.12316924268579388,,0.18869106559469703,-0.0093085396723041,0.18428119562842987,0.05907135557308797,0.26728549159128207,0.1051645400945489,0.09197645283169563,0.5144577713347107,0.0886964168947526,0.11027646753554736,0.18864750121037835,0.036243363992926055,0.2548663119408945,0.06316433757301707,0.11642070881120066,0.12339764621745883,-0.007825582857056285,0.31759887345712384,-0.0007379470575749998,0.01796647162198798,0.10505149567857505,0.188744528734689,0.036334968212979005,0.29777447474769797,0.16308872108302108,0.04735087288450286,0.3240322046799267,0.4487157540178228,0.2872145487790042,0.23880911284683287,0.02913081619273663,0.155375882908577,0.277899041300286,0.04186551495117405,0.09029237813018319,0.15551438803397213,0.052121697781298076,0.05578194944618847,0.08292929199667881,0.12163714550692725,-0.01521850762891501,0.1723942803407321
APOLLOHOSP,0.1733640282364813,0.13602686494588145,1.0,0.05764750862735975,0.04556133795915581,,0.20295331674175873,-0.02801351047944755,0.11080196911353925,0.03760153922684539,0.030038878401802936,0.06900871079626109,0.19789442098818252,0.12291430816992635,0.2597559142860771,0.24907535248149248,0.16202361336954868,0.17669500217345635,0.008492020209608682,0.13286012396663535,0.21219110571259153,0.11756899204443177,0.05326141305079328,0.047056345181989215,0.11055207689939535,-0.03336866018516364,0.09020054292728595,0.24845394383255318,0.10080756236080375,0.11185046054202613,0.19854191591249537,0.1675075202415319,0.06028324596310557,0.08989979282687759,0.1992036771390031,0.049851896985116655,0.1798633393341596,0.08541181992427678,0.15926819019104588,0.2762103971759157,0.004002851256664371,0.16834667043220866,0.05263613860788737,-0.002798897908028792,0.06803521986904316,0.15540304589884746,0.09186078356298415,0.1401379403840117
ASIANPAINT,0.2595345443384771,0.054479290056265055,0.05764750862735975,1.0,0.09916332523698917,,0.258249371061989,0.06012046109707715,0.12800636551243563,0.16805871871870673,0.25600303035435384,0.44865300045992174,0.21399483008801737,0.10008230491065098,0.1633306815716709,0.24999336935410937,0.31958928831958594,0.10608214639470413,0.12950830780042188,0.2046031068335165,0.184014308365961,0.17829161059107157,0.26005634428168406,0.059613227038574586,0.10532272203320514,0.07513675697079095,0.2576158354743393,0.30603291859290893,0.13481876804112616,0.16704297441715524,0.10958473963223907,0.26181043015889344,0.24691591392540346,0.005772089050488576,0.09712641814809764,0.2739995637403865,0.20133563078582545,0.10178013975968785,0.2337052306439675,0.2758855224277326,0.2507250203264227,0.142327892339952,0.0660460005863739,0.10809746358982414,0.1282777366327341,0.2632536057882504,0.22511559622452512,0.10414245004488587
AXISBANK,0.31394926148369123,0.12316924268579388,0.04556133795915581,0.09916332523698917,1.0,,0.38846177156104217,0.09327986640850086,0.13017030141212108,0.24516328733140672,0.14297558234726074,0.07064704213212362,0.11084573873695419,0.11838205162154804,0.0642447680518942,0.26429413393348916,0.3416588846902695,0.10369590335047651,0.28738451090750833,0.24815422802719264,0.16353857700279317,0.21598146420847406,1.7414718443775606e-06,0.47171080740275506,0.44345132271723525,0.06105680604192466,0.06603998303200308,0.3421716381077644,0.24074280179279878,0.3683273904525574,0.20887451339175764,0.10107079844620315,0.20486629615959398,0.021785715936279718,0.16416294572168988,0.47184351162086713,0.1689925073593686,0.2756916925644885,0.4543795580593671,0.1295144767235154,0.1530385396245965,0.28285615976147754,0.0032205728747526727,0.11435263559996395,0.21859548347724447,0.17618294164442466,0.14148169463373772,0.2644716250344888
BAJAJ-AUTO,,,,,,,,,,,,,,,,,,,,,,,,,,,,,,,,,,,,,,,,,,,,,,,,
BAJAJFINSV,0.44931798786198845,0.18869106559469703,0.20295331674175873,0.258249371061989,0.38846177156104217,,1.0,0.2704935404185361,0.1316072201235892,0.2618607517995851,0.2702488763469282,0.2089571865751576,0.18947877667755134,0.13977133774569442,0.23780120011201708,0.3063834638676803,0.44722793161631197,0.29813211655845756,0.23538384752496821,0.38853309391246693,0.27035763724492345,0.27787108065817917,0.15527716973576705,0.3366175107743604,0.358056527399228,0.2525260557539781,0.19550451140197794,0.4602988708160569,0.38733638463525727,0.46654069080233984,0.3389791558517517,0.30484064313211867,0.2269635920086659,0.12877243999143068,0.2253066269993521,0.44878279242292946,0.4460476648401091,0.3329989061394167,0.5500775211039273,0.21242440917138114,0.31312009438022526,0.35125096370139636,0.07350719060747977,0.2387668553053477,0.18383543998540872,0.3038328120555756,0.14479029708170388,0.36460014893342285
BAJFINANCE,0.25818765941854244,-0.0093085396723041,-0.02801351047944755,0.06012046109707715,0.09327986640850086,,0.2704935404185361,1.0,0.05516425794708024,-0.0168520797684479,0.013784575555028985,-0.046907133396024966,-0.05079075057834233,-0.03877300062295566,-0.047713960908786365,0.058280203563183565,0.03922877330939744,-0.0875236628158676,0.10047922471598761,0.17642192836797324,0.004385261315188917,0.07529338175734071,-0.020599597304429024,0.08733998133549782,0.11481905392209936,-0.04130739632052928,0.08823327543608635,0.12482443822074589,0.10826515940564145,0.09469918345995153,-0.034951416897688325,0.05265855253471611,0.02991399594211322,-0.03558557810165639,-0.05661335283759091,0.06685042123958286,0.10547500737938449,0.023154618965505063,0.16908489701694163,-0.10782271643097423,0.04222987170890375,0.056257086424002685,0.10304319155571827,-0.01524994150547811,0.03041002278929779,0.0046077494465648905,0.024804162725069474,0.049262654039658446
BEL,0.20535341627445874,0.18428119562842987,0.11080196911353925,0.12800636551243563,0.13017030141212108,,0.1316072201235892,0.05516425794708024,1.0,0.04216889240645904,0.13321416554113302,0.06661012620824268,0.02908755268913644,0.32333813618332524,0.09740117703350304,0.20583315582211417,0.15075833568994393,0.12182551026771953,0.145891560879429,0.20373592838572185,0.17854520551831818,0.1259559079674362,0.06277651002275235,0.12653122394098812,0.12036010876832137,0.013632550088395487,0.16671294806631864,0.0930592351283054,0.13056994638796546,0.17492939401636512,0.11500663803998216,0.143445292439243,0.20022428195332778,0.17684996579043077,0.22211404464145632,0.16044390245934592,0.17494179913368121,0.24604495083212558,0.16306127478913873,0.04385163854756827,0.1774023528262581,0.140852229152939,0.1138654221855305,0.10367552086564923,0.01215066506656003,0.14829966681837445,0.12549093656781543,0.14379306717094162
BHARTIARTL,0.35102387140839825,0.05907135557308797,0.03760153922684539,0.16805871871870673,0.24516328733140672,,0.2618607517995851,-0.0168520797684479,0.04216889240645904,1.0,0.13702693622015855,0.08902854949741477,0.09284113718150294,0.1330465935334389,0.13390573369447104,0.3189370957669124,0.3039095776078521,0.251307932184468,0.08684422304482659,0.25223475100800963,0.1964248017600067,0.29298346010909965,0.14794461872770845,0.19893985880427342,0.2687807616195423,0.27547320869335423,0.2835381915978362,0.37632785284583126,0.32668131335457395,0.35140410593108445,0.31269217663486903,0.09674497891608085,0.18721997146735614,0.16013815557562977,0.22702855367646005,0.4247683150685664,0.2290978567859228,0.13326761140040527,0.3369700075427771,0.2693365671868754,0.25703465853357316,0.31246326770977806,0.035961514719212495,0.21701170866428834,0.21479022028805655,0.27613018379025334,0.20202716444167107,0.23190648848511847
BPCL,0.2733212644876464,0.26728549159128207,0.030038878401802936,0.25600303035435384,0.14297558234726074,,0.2702488763469282,0.013784575555028985,0.13321416554113302,0.13702693622015855,1.0,0.13099225833852254,0.2466083953172596,0.29948679396564776,0.14800626667364258,0.06835807677013321,0.3095059501712699,0.026904521323586394,0.08332553035216096,0.20050675714789032,0.18950739027916125,0.2721779990356574,0.13648104517707071,0.1214911463975834,0.13758729363991376,-0.02965834365055737,0.21606778646361757,0.24654333861521935,0.03752878261694061,0.21436851220321743,0.17230161504574468,0.19498661160639263,0.4824477057027465,0.27860032453362915,0.25566049290150106,0.3191502924772479,0.08405775803422395,0.3338793036171939,0.20345030882071055,0.2773248649275682,0.19834604496747968,0.24116326431683371,0.14187384201988681,0.0882400673111439,0.061542960543427665,0.22736971152543617,0.4599671354353487,0.10398449169576128
BRITANNIA,0.14401976693250107,0.1051645400945489,0.06900871079626109,0.44865300045992174,0.07064704213212362,,0.2089571865751576,-0.046907133396024966,0.06661012620824268,0.08902854949741477,0.13099225833852254,1.0,0.2430406188781791,0.06243771126872971,0.18673128972721353,0.06911387529008513,0.1846229443311333,0.16543789956580351,-0.03223363112289863,0.0004968661084601054,0.1972623063145057,0.03595030532684084,0.5109405686440084,0.05200414971548584,0.07624730696326615,0.10949541664773633,0.26944993496713443,0.16701186907801116,0.24019834473683008,0.08616278848171142,0.09670111148404399,0.4888213465724493,0.0847356460360666,-0.061980374905716826,0.0004459431588575311,0.0969556641090185,0.0975759096094215,0.08013510055465624,0.08821305995459212,0.21724856703756776,0.41628726046791764,0.08833704470624487,0.005925658617993941,0.15648405668313922,0.10503850127994432,0.03217091761065017,-0.029551063753967537,0.14624635055892232
CIPLA,0.12843072828540666,0.09197645283169563,0.19789442098818252,0.21399483008801737,0.11084573873695419,,0.18947877667755134,-0.05079075057834233,0.02908755268913644,0.09284113718150294,0.2466083953172596,0.2430406188781791,1.0,0.13986084763769846,0.4344739554566683,0.13875941565203243,0.23489621460066556,0.10769186147004373,-0.023016373274245168,0.15221788719946142,0.23867918482736392,0.2359615311636896,0.09749353225156288,0.0683442167974686,0.09063778533695158,0.1294099183772601,0.12766122597889473,0.2595041750703482,0.07290545990165634,0.25836625751333975,0.21753912937035544,0.1551723462413126,0.15986373833507236,0.07346612445518017,0.19709859728363072,0.10094296089874336,0.1707596070995355,0.09270740361647148,0.181933945515594,0.3835454598214818,0.08169013216960287,0.22302201564302823,0.017258109439579773,0.1284540124428472,0.053240792835344566,0.15041876228872367,0.11805251931886651,0.1649620111122291
COALINDIA,0.29806410572272757,0.5144577713347107,0.12291430816992635,0.10008230491065098,0.11838205162154804,,0.13977133774569442,-0.03877300062295566,0.32333813618332524,0.1330465935334389,0.29948679396564776,0.06243771126872971,0.13986084763769846,1.0,0.12488480750684725,0.2284402882296598,0.14861513809529103,0.11619824258175393,0.1714229637060071,0.16276698947748422,0.21012566836714874,0.20313798683412754,-0.025419412444936937,0.20722680017103212,0.13646094633893163,0.04727991998440489,0.29740937664525635,0.28794503137985955,0.05781392126802693,0.36874151760601925,0.16997023301093403,0.009980300094502388,0.4329463109657894,0.6035428035638795,0.41008533889684357,0.3579687777740125,0.11596402572045153,0.2674870647115835,0.2694853646889928,0.06851270189952674,0.15259137469503053,0.27711740125475326,0.15072638740413768,0.13323253028001772,0.16982004649395246,0.14030834025239589,0.14683465687991137,0.19838017805870153
DRREDDY,0.20733995187336676,0.0886964168947526,0.2597559142860771,0.1633306815716709,0.0642447680518942,,0.23780120011201708,-0.047713960908786365,0.09740117703350304,0.13390573369447104,0.14800626667364258,0.18673128972721353,0.4344739554566683,0.12488480750684725,1.0,0.15332680934687395,0.25651911938112454,0.2451050510649938,0.07851341800121432,0.14449907385439462,0.1163026893394429,0.19431957308093792,0.12520292173239783,0.01821663958083056,0.05033646366586636,0.2776672577177525,0.14133973407045297,0.23991940674506393,0.025132748679729304,0.18757211468647783,0.18841112825587855,0.24873579185227324,0.17592074331743018,0.09066457088240484,0.2181327535287831,0.18829199391260706,0.18887948298702317,0.1859354801751451,0.2286775767167028,0.42316467687566356,0.1475063461438725,0.22367071254117918,0.011757787203762847,0.29024680987885837,0.2118259285782767,0.13277780816182072,0.15832813611410804,0.26701508934922313
EICHERMOT,0.3661308719957767,0.11027646753554736,0.24907535248149248,0.24999336935410937,0.26429413393348916,,0.3063834638676803,0.058280203563183565,0.20583315582211417,0.3189370957669124,0.06835807677013321,0.06911387529008513,0.13875941565203243,0.2284402882296598,0.15332680934687395,1.0,0.40144249816276967,0.19940511132031793,0.1488804594775182,0.26707139459909196,0.2796010901221425,0.2468849503479907,0.0417523074635214,0.25185453468289276,0.1277829448283275,0.12181753576765021,0.24311093403027823,0.3722267447975702,0.2225984060794986,0.35746460657814055,0.3505116124556918,0.1555772761024976,0.13664343203649384,0.16841603841505412,0.25098418488909185,0.39752966678043133,0.34469881257225093,0.3086892102849614,0.3335144304116444,0.21147419770357573,0.21942873080714986,0.2887804938708465,0.07348868153530828,0.1796878172154506,0.20576521662329494,0.3158356915802331,0.2174837517424462,0.30833205512097556
GRASIM,0.34094048042242187,0.18864750121037835,0.16202361336954868,0.31958928831958594,0.3416588846902695,,0.44722793161631197,0.03922877330939744,0.15075833568994393,0.3039095776078521,0.3095059501712699,0.1846229443311333,0.23489621460066556,0.14861513809529103,0.25651911938112454,0.40144249816276967,1.0,0.16639531873037638,0.17475824252189676,0.2615784686516836,0.2786078182887711,0.3244605643023803,0.12840931541448453,0.32175703255446353,0.24862436550260072,0.15963450263608558,0.16543768095631686,0.49006088621861943,0.22759146206149283,0.34973580661701686,0.2922576785717844,0.2660447891014016,0.24384568237095916,0.15928689562021914,0.3306303883354783,0.39755911213602,0.22234795047876144,0.29394306460847786,0.36707983040508363,0.28389246155367237,0.30779593997880794,0.372670959078017,-0.019907771069567915,0.18685295866268922,0.13085366387693598,0.3704049570335021,0.17966983796725458,0.25926651502885334
HCLTECH,0.17280331264635607,0.036243363992926055,0.17669500217345635,0.10608214639470413,0.10369590335047651,,0.29813211655845756,-0.0875236628158676,0.12182551026771953,0.251307932184468,0.026904521323586394,0.16543789956580351,0.10769186147004373,0.11619824258175393,0.2451050510649938,0.19940511132031793,0.16639531873037638,1.0,-0.032355555319530355,0.13206996597594334,0.12407462638640435,0.20785734751328458,0.04658757082661247,0.04844934600941616,0.0473441907111332,0.6942815056602873,0.233646753606796,0.2279458064959102,0.20974961013868482,0.1860313629978725,0.20770638050063314,0.10254259235323399,-0.00957453925485829,0.018387058370882562,0.12364703772071445,0.2624677155643137,0.16617926083199086,0.17865834285104665,0.22302643440844575,0.194376418308879,0.22440053252958686,0.2773358088994552,0.017688247537040628,0.6132781359844255,0.5121086251336763,0.17821001851235674,0.1675385219408144,0.5397576609224249
HDFCBANK,0.14687379886385038,0.2548663119408945,0.008492020209608682,0.12950830780042188,0.28738451090750833,,0.23538384752496821,0.10047922471598761,0.145891560879429,0.08684422304482659,0.08332553035216096,-0.03223363112289863,-0.023016373274245168,0.1714229637060071,0.07851341800121432,0.1488804594775182,0.17475824252189676,-0.032355555319530355,1.0,0.20406537816488118,0.06632493207983618,0.09145914709138829,0.0390544857858737,0.3645882598688019,0.17483559319118944,0.019406268227815472,0.06976631977858376,0.2354771111764266,0.22045268394968703,0.26272388687483594,0.25356848641958063,0.023988808387906135,0.18011057303233294,0.1617454435899849,0.20178211634159324,0.17113563283132083,0.14634086157499387,0.11819972062174648,0.27147489644904105,-0.03598530247471192,0.04558634415923962,0.17195445832206918,0.0667900850182509,0.0439412235036752,0.15591807057260285,0.1443507580833767,-0.015277115770331818,0.09950993593992288
HDFCLIFE,0.2729950850696732,0.06316433757301707,0.13286012396663535,0.2046031068335165,0.24815422802719264,,0.38853309391246693,0.17642192836797324,0.20373592838572185,0.25223475100800963,0.20050675714789032,0.0004968661084601054,0.15221788719946142,0.16276698947748422,0.14449907385439462,0.26707139459909196,0.2615784686516836,0.13206996597594334,0.20406537816488118,1.0,0.268285060482885,0.24204806348339805,0.1351222582266951,0.1784430683853519,0.19767682585390903,0.09716707403434512,0.2713791159157818,0.24457262125578233,0.2790128712716554,0.29479653770777425,0.22739536388158857,0.12462874181352615,0.21092347678263904,0.13706404640263037,0.09308250768732591,0.3039332566545229,0.5981573918772176,0.23934473445092552,0.39439852324929087,0.26976813202469946,0.2303111477290616,0.2729310772580043,0.04557207923949874,0.09990699158560236,0.12257448480910882,0.2283743658730105,0.184105365150626,0.24514186023643003
HEROMOTOCO,0.23163253422873142,0.11642070881120066,0.21219110571259153,0.184014308365961,0.16353857700279317,,0.27035763724492345,0.004385261315188917,0.17854520551831818,0.1964248017600067,0.18950739027916125,0.1972623063145057,0.23867918482736392,0.21012566836714874,0.1163026893394429,0.2796010901221425,0.2786078182887711,0.12407462638640435,0.06632493207983618,0.268285060482885,1.0,0.2305880875131089,0.26769481081668745,0.11981301783177446,0.18813312037394786,0.10242875105853505,0.13842428000125212,0.21389256667481768,0.17715460777424172,0.2106061632374594,0.358780669707729,0.32173777697504063,0.2189074360560699,0.06917093231203181,0.2214597870717786,0.20433190971167076,0.2452538419424949,0.19950282219337007,0.2857385333391344,0.24395053319029023,0.2353887100075451,0.2658799857741301,0.0804091776227051,0.08598843393101166,0.06734133834199423,0.3267551178847896,0.19879153213074688,0.17335767651213424
HINDALCO,0.317872769324626,0.12339764621745883,0.11756899204443177,0.17829161059107157,0.21598146420847406,,0.27787108065817917,0.07529338175734071,0.1259559079674362,0.29298346010909965,0.2721779990356574,0.03595030532684084,0.2359615311636896,0.20313798683412754,0.19431957308093792,0.2468849503479907,0.3244605643023803,0.20785734751328458,0.09145914709138829,0.24204806348339805,0.2305880875131089,1.0,0.028236402236587282,0.04117038078260655,0.19590332688914183,0.14437371373032593,0.11167536260719409,0.5736369528532579,0.19572530689146492,0.3592447135526498,0.26729566348359407,0.061827309167916025,0.29792762971340675,0.11614698283375209,0.3441490321889767,0.3152044300884728,0.20410108588146078,0.1441650270431806,0.35469230448751843,0.3464915920029851,0.18119999086975672,0.3240600675167484,0.07845099373514237,0.16933948067332932,0.25830046492126496,0.20388995218788686,0.22542564634623993,0.23647077619484316
HINDUNILVR,-0.0095808246563447,-0.007825582857056285,0.05326141305079328,0.26005634428168406,1.7414718443775606e-06,,0.15527716973576705,-0.020599597304429024,0.06277651002275235,0.14794461872770845,0.13648104517707071,0.5109405686440084,0.09749353225156288,-0.025419412444936937,0.12520292173239783,0.0417523074635214,0.12840931541448453,0.04658757082661247,0.0390544857858737,0.1351222582266951,0.26769481081668745,0.028236402236587282,1.0,0.06353541113577783,-0.0036184910413734513,0.1332659900047459,0.33717226162464614,0.0830262447052423,0.14923737351016297,-0.0652775958312693,0.1005564446187521,0.5134177130921489,0.11637503300530463,-0.05970637867032951,0.0515387474969765,0.045989560006494616,0.227524060671365,0.004389644648504802,-0.00010520862409653344,0.11876968559098057,0.470285945125369,0.06837054047014272,0.07089580040192461,0.14336571996043,0.09092077380529318,0.18537932183011904,0.02012086481568848,0.12514321210812512
ICICIBANK,0.15735259020687753,0.31759887345712384,0.047056345181989215,0.059613227038574586,0.47171080740275506,,0.3366175107743604,0.08733998133549782,0.12653122394098812,0.19893985880427342,0.1214911463975834,0.05200414971548584,0.0683442167974686,0.20722680017103212,0.01821663958083056,0.25185453468289276,0.32175703255446353,0.04844934600941616,0.3645882598688019,0.1784430683853519,0.11981301783177446,0.04117038078260655,0.06353541113577783,1.0,0.07838715597947557,0.10073306768717422,0.20705317521728717,0.194935965184314,0.3098724868320128,0.25165833053502595,0.19738487662612972,0.15955313267790772,0.17838488982208386,0.2225552044121343,0.19570508351816474,0.27790915415341433,0.1466243422434289,0.38827877795631244,0.312590076857736,0.06810751504665377,0.10681968479911741,0.15577454620021058,0.0036552145505098985,0.16658785975883555,0.09848105481973045,0.11083969466161382,-0.06598942609867241,0.19210875105548106
INDUSINDBK,0.32050726949144565,-0.0007379470575749998,0.11055207689939535,0.10532272203320514,0.44345132271723525,,0.358056527399228,0.11481905392209936,0.12036010876832137,0.2687807616195423,0.13758729363991376,0.07624730696326615,0.09063778533695158,0.13646094633893163,0.05033646366586636,0.1277829448283275,0.24862436550260072,0.0473441907111332,0.17483559319118944,0.19767682585390903,0.18813312037394786,0.19590332688914183,-0.0036184910413734513,0.07838715597947557,1.0,0.08709394692610395,0.10392633509610545,0.3500256890423268,0.4220878263363123,0.36529119026663825,0.2454577071504382,0.14522662816217816,0.1934764214607763,-0.003736218165246643,0.15675130142066968,0.3623163160537921,0.21980863592164415,0.1835992333806969,0.2543611786895715,0.10213596528833442,0.21334050946682004,0.23922881577315352,-0.00398567284278494,0.06487835768877784,0.09786305584192458,0.1878056203273028,0.13807781634414346,0.1212707343024328
INFY,0.1265434026175264,0.01796647162198798,-0.03336866018516364,0.07513675697079095,0.06105680604192466,,0.2525260557539781,-0.04130739632052928,0.013632550088395487,0.27547320869335423,-0.02965834365055737,0.10949541664773633,0.1294099183772601,0.04727991998440489,0.2776672577177525,0.12181753576765021,0.15963450263608558,0.6942815056602873,0.019406268227815472,0.09716707403434512,0.10242875105853505,0.14437371373032593,0.1332659900047459,0.10073306768717422,0.08709394692610395,1.0,0.22941410299753712,0.15136986069167932,0.18786131451969898,0.19825581524152747,0.2540184144823532,0.07697834261855406,-0.058382959559656555,8.609406892619732e-05,0.08537881449088955,0.17973212849133177,0.12962928425846362,0.08123517391995287,0.13208936010788944,0.17421577230070703,0.2528300456774389,0.20500549371915355,-0.11556838495371886,0.6884350828030377,0.6104755377417207,0.20522812417518405,0.11169145138191308,0.5217234839349636
ITC,0.26575718839346496,0.10505149567857505,0.09020054292728595,0.2576158354743393,0.06603998303200308,,0.19550451140197794,0.08823327543608635,0.16671294806631864,0.2835381915978362,0.21606778646361757,0.26944993496713443,0.12766122597889473,0.29740937664525635,0.14133973407045297,0.24311093403027823,0.16543768095631686,0.233646753606796,0.06976631977858376,0.2713791159157818,0.13842428000125212,0.11167536260719409,0.33717226162464614,0.20705317521728717,0.10392633509610545,0.22941410299753712,1.0,0.2149905722860181,0.1484358259064449,0.20986018556621558,0.1587414872016248,0.3297274688720672,0.20725432545126274,0.20821623511682513,0.14566296937262982,0.3028478771498106,0.27125990633824176,0.17034771775101384,0.1962720606007394,0.18654476697540184,0.2568326205625296,0.23796567044736996,0.08630928178205734,0.2518582791105386,0.23994354926246614,0.2581453322584955,0.15410967051347416,0.262938692539193
JSWSTEEL,0.4760060247363537,0.188744528734689,0.24845394383255318,0.30603291859290893,0.3421716381077644,,0.4602988708160569,0.12482443822074589,0.0930592351283054,0.37632785284583126,0.24654333861521935,0.16701186907801116,0.2595041750703482,0.28794503137985955,0.23991940674506393,0.3722267447975702,0.49006088621861943,0.2279458064959102,0.2354771111764266,0.24457262125578233,0.21389256667481768,0.5736369528532579,0.0830262447052423,0.194935965184314,0.3500256890423268,0.15136986069167932,0.2149905722860181,1.0,0.3817446003704753,0.5170349315428789,0.4267861264243176,0.1353198184200528,0.34819870666794744,0.21582852792085785,0.3621233287894141,0.4609646059717677,0.20224820542889327,0.3035138506373008,0.4836923945480875,0.32925198568826275,0.22352618026742058,0.4173193005532546,0.09757270260050947,0.18165936053822124,0.23490931137409,0.29673249823770226,0.28431665269650075,0.34442145731435164
KOTAKBANK,0.2337526301249154,0.036334968212979005,0.10080756236080375,0.13481876804112616,0.24074280179279878,,0.38733638463525727,0.10826515940564145,0.13056994638796546,0.32668131335457395,0.03752878261694061,0.24019834473683008,0.07290545990165634,0.05781392126802693,0.025132748679729304,0.2225984060794986,0.22759146206149283,0.20974961013868482,0.22045268394968703,0.2790128712716554,0.17715460777424172,0.19572530689146492,0.14923737351016297,0.3098724868320128,0.4220878263363123,0.18786131451969898,0.1484358259064449,0.3817446003704753,1.0,0.28307812915026304,0.2882064004653259,0.2532885827827239,0.07150531025447564,-0.046340778087852356,0.08875701877548489,0.34157079256776496,0.2935729301843996,0.21416365762220907,0.258006728970162,0.18855966932402712,0.20492465349552655,0.1910972813927024,0.08433137018244699,0.157508447404943,-0.022608395498352127,0.09765531498850842,0.05914631377385828,0.21961274519516363
LT,0.5658738265589798,0.29777447474769797,0.11185046054202613,0.16704297441715524,0.3683273904525574,,0.46654069080233984,0.09469918345995153,0.17492939401636512,0.35140410593108445,0.21436851220321743,0.08616278848171142,0.25836625751333975,0.36874151760601925,0.18757211468647783,0.35746460657814055,0.34973580661701686,0.1860313629978725,0.26272388687483594,0.29479653770777425,0.2106061632374594,0.3592447135526498,-0.0652775958312693,0.25165833053502595,0.36529119026663825,0.19825581524152747,0.20986018556621558,0.5170349315428789,0.28307812915026304,1.0,0.36028771465138437,0.06911127965281756,0.3195817052346165,0.32823679770612213,0.2556907072002546,0.5986936483135064,0.3213008430628349,0.24756533053684593,0.510494783785308,0.21784567621707165,0.15773752230595706,0.3668506368245507,0.07229528636938087,0.19265154232082465,0.19527078976549186,0.17887585237258247,0.1419487853978062,0.3264891548758078
M&M,0.333229853908966,0.16308872108302108,0.19854191591249537,0.10958473963223907,0.20887451339175764,,0.3389791558517517,-0.034951416897688325,0.11500663803998216,0.31269217663486903,0.17230161504574468,0.09670111148404399,0.21753912937035544,0.16997023301093403,0.18841112825587855,0.3505116124556918,0.2922576785717844,0.20770638050063314,0.25356848641958063,0.22739536388158857,0.358780669707729,0.26729566348359407,0.1005564446187521,0.19738487662612972,0.2454577071504382,0.2540184144823532,0.1587414872016248,0.4267861264243176,0.2882064004653259,0.36028771465138437,1.0,0.23334422879346198,0.2995939706161417,0.12399290372820718,0.2722267730791304,0.3333012180019193,0.1923233391079028,0.3040245877970599,0.42046177447752453,0.29543375730601174,0.20797978825039395,0.36376044442463135,0.0440966198558931,0.17545559800108798,0.20835670130486117,0.30870733186858046,0.19964688678719036,0.2981816321220347
NESTLEIND,0.09631945398911995,0.04735087288450286,0.1675075202415319,0.26181043015889344,0.10107079844620315,,0.30484064313211867,0.05265855253471611,0.143445292439243,0.09674497891608085,0.19498661160639263,0.4888213465724493,0.1551723462413126,0.009980300094502388,0.24873579185227324,0.1555772761024976,0.2660447891014016,0.10254259235323399,0.023988808387906135,0.12462874181352615,0.32173777697504063,0.061827309167916025,0.5134177130921489,0.15955313267790772,0.14522662816217816,0.07697834261855406,0.3297274688720672,0.1353198184200528,0.2532885827827239,0.06911127965281756,0.23334422879346198,1.0,0.1606361092026436,-0.09574873785366989,0.14596947080848857,0.1612281601642888,0.1885809046375815,0.1867202435430475,0.13745554705639976,0.19464586873047596,0.3753105877205096,0.12316663551947696,0.017822416243485226,0.14563295571366439,0.008098920600560732,0.23594632215532432,0.12624461605181286,0.17366765123642827
NTPC,0.32554687787048037,0.3240322046799267,0.06028324596310557,0.24691591392540346,0.20486629615959398,,0.2269635920086659,0.02991399594211322,0.20022428195332778,0.18721997146735614,0.4824477057027465,0.0847356460360666,0.15986373833507236,0.4329463109657894,0.17592074331743018,0.13664343203649384,0.24384568237095916,-0.00957453925485829,0.18011057303233294,0.21092347678263904,0.2189074360560699,0.29792762971340675,0.11637503300530463,0.17838488982208386,0.1934764214607763,-0.058382959559656555,0.20725432545126274,0.34819870666794744,0.07150531025447564,0.3195817052346165,0.2995939706161417,0.1606361092026436,1.0,0.3831196553000823,0.5171403105992313,0.37145708557730595,0.06163246030309249,0.32338400147760005,0.31199425363569566,0.20984285133727157,0.19172957994336035,0.2943068959400675,0.09550838143277378,0.041627464351242136,0.08535416282079158,0.2709839568048728,0.1444552062263223,0.14054081717967254
ONGC,0.2208323763449664,0.4487157540178228,0.08989979282687759,0.005772089050488576,0.021785715936279718,,0.12877243999143068,-0.03558557810165639,0.17684996579043077,0.16013815557562977,0.27860032453362915,-0.061980374905716826,0.07346612445518017,0.6035428035638795,0.09066457088240484,0.16841603841505412,0.15928689562021914,0.018387058370882562,0.1617454435899849,0.13706404640263037,0.06917093231203181,0.11614698283375209,-0.05970637867032951,0.2225552044121343,-0.003736218165246643,8.609406892619732e-05,0.20821623511682513,0.21582852792085785,-0.046340778087852356,0.32823679770612213,0.12399290372820718,-0.09574873785366989,0.3831196553000823,1.0,0.3121689386743894,0.3074173497833384,0.10752256292961063,0.26472243895917574,0.15377128031051165,0.029317480825570192,0.01839694713529585,0.26183449558386185,0.15380501870591276,0.08322066021095131,0.11198048600148466,0.07342610326906117,0.11569923795142294,0.10584034783894093
POWERGRID,0.18632253704032575,0.2872145487790042,0.1992036771390031,0.09712641814809764,0.16416294572168988,,0.2253066269993521,-0.05661335283759091,0.22211404464145632,0.22702855367646005,0.25566049290150106,0.0004459431588575311,0.19709859728363072,0.41008533889684357,0.2181327535287831,0.25098418488909185,0.3306303883354783,0.12364703772071445,0.20178211634159324,0.09308250768732591,0.2214597870717786,0.3441490321889767,0.0515387474969765,0.19570508351816474,0.15675130142066968,0.08537881449088955,0.14566296937262982,0.3621233287894141,0.08875701877548489,0.2556907072002546,0.2722267730791304,0.14596947080848857,0.5171403105992313,0.3121689386743894,1.0,0.2816583067678217,0.0041961839282679235,0.31408715265067805,0.2595368170381831,0.3030694938816516,0.21545068610639465,0.2941384158285346,0.04862257321416454,0.11602601307749869,0.13809700068850947,0.25221932886745907,0.09185176972938676,0.21418783034575506
RELIANCE,0.5418836372973604,0.23880911284683287,0.049851896985116655,0.2739995637403865,0.47184351162086713,,0.44878279242292946,0.06685042123958286,0.16044390245934592,0.4247683150685664,0.3191502924772479,0.0969556641090185,0.10094296089874336,0.3579687777740125,0.18829199391260706,0.39752966678043133,0.39755911213602,0.2624677155643137,0.17113563283132083,0.3039332566545229,0.20433190971167076,0.3152044300884728,0.045989560006494616,0.27790915415341433,0.3623163160537921,0.17973212849133177,0.3028478771498106,0.4609646059717677,0.34157079256776496,0.5986936483135064,0.3333012180019193,0.1612281601642888,0.37145708557730595,0.3074173497833384,0.2816583067678217,1.0,0.28817372869868185,0.3423804934251097,0.47260532288143403,0.2969364383951153,0.18247427811124423,0.4042954987525355,0.08843136774168785,0.23874736504783312,0.2640769384894947,0.30559055549054587,0.2479232371510946,0.376116533986516
SBILIFE,0.3006706057799984,0.02913081619273663,0.1798633393341596,0.20133563078582545,0.1689925073593686,,0.4460476648401091,0.10547500737938449,0.17494179913368121,0.2290978567859228,0.08405775803422395,0.0975759096094215,0.1707596070995355,0.11596402572045153,0.18887948298702317,0.34469881257225093,0.22234795047876144,0.16617926083199086,0.14634086157499387,0.5981573918772176,0.2452538419424949,0.20410108588146078,0.227524060671365,0.1466243422434289,0.21980863592164415,0.12962928425846362,0.27125990633824176,0.20224820542889327,0.2935729301843996,0.3213008430628349,0.1923233391079028,0.1885809046375815,0.06163246030309249,0.10752256292961063,0.0041961839282679235,0.28817372869868185,1.0,0.20113096030464095,0.4198129158384458,0.19433270971310582,0.1864392632690801,0.24502705283761858,0.06674376824878078,0.14765721408511262,0.09487136086493572,0.17216253198844153,0.17099588260996113,0.2594093560819206
SBIN,0.3216671459125949,0.155375882908577,0.08541181992427678,0.10178013975968785,0.2756916925644885,,0.3329989061394167,0.023154618965505063,0.24604495083212558,0.13326761140040527,0.3338793036171939,0.08013510055465624,0.09270740361647148,0.2674870647115835,0.1859354801751451,0.3086892102849614,0.29394306460847786,0.17865834285104665,0.11819972062174648,0.23934473445092552,0.19950282219337007,0.1441650270431806,0.004389644648504802,0.38827877795631244,0.1835992333806969,0.08123517391995287,0.17034771775101384,0.3035138506373008,0.21416365762220907,0.24756533053684593,0.3040245877970599,0.1867202435430475,0.32338400147760005,0.26472243895917574,0.31408715265067805,0.3423804934251097,0.20113096030464095,1.0,0.3586009994331497,0.10058342523550276,0.1846328643689741,0.273656343891351,0.0363180609785722,0.10208124835656512,0.09610525004129274,0.22704458653646237,0.23173969805841313,0.25117719349065004
SHRIRAMFIN,0.49876728254195035,0.277899041300286,0.15926819019104588,0.2337052306439675,0.4543795580593671,,0.5500775211039273,0.16908489701694163,0.16306127478913873,0.3369700075427771,0.20345030882071055,0.08821305995459212,0.181933945515594,0.2694853646889928,0.2286775767167028,0.3335144304116444,0.36707983040508363,0.22302643440844575,0.27147489644904105,0.39439852324929087,0.2857385333391344,0.35469230448751843,-0.00010520862409653344,0.312590076857736,0.2543611786895715,0.13208936010788944,0.1962720606007394,0.4836923945480875,0.258006728970162,0.510494783785308,0.42046177447752453,0.13745554705639976,0.31199425363569566,0.15377128031051165,0.2595368170381831,0.47260532288143403,0.4198129158384458,0.3586009994331497,1.0,0.2550636426239085,0.19879179682914727,0.3297811176949904,0.07800118655057076,0.13472897236913473,0.1980262951967882,0.24468447874515784,0.18755908310871736,0.3230794521211661
SUNPHARMA,0.2083853692063778,0.04186551495117405,0.2762103971759157,0.2758855224277326,0.1295144767235154,,0.21242440917138114,-0.10782271643097423,0.04385163854756827,0.2693365671868754,0.2773248649275682,0.21724856703756776,0.3835454598214818,0.06851270189952674,0.42316467687566356,0.21147419770357573,0.28389246155367237,0.194376418308879,-0.03598530247471192,0.26976813202469946,0.24395053319029023,0.3464915920029851,0.11876968559098057,0.06810751504665377,0.10213596528833442,0.17421577230070703,0.18654476697540184,0.32925198568826275,0.18855966932402712,0.21784567621707165,0.29543375730601174,0.19464586873047596,0.20984285133727157,0.029317480825570192,0.3030694938816516,0.2969364383951153,0.19433270971310582,0.10058342523550276,0.2550636426239085,1.0,0.15645365902800196,0.2889662116877018,-0.004634868241013471,0.16892007525673838,0.16895837031089642,0.24653820466120133,0.2139629698834507,0.22057028760232386
TATACONSUM,0.23968802344633533,0.09029237813018319,0.004002851256664371,0.2507250203264227,0.1530385396245965,,0.31312009438022526,0.04222987170890375,0.1774023528262581,0.25703465853357316,0.19834604496747968,0.41628726046791764,0.08169013216960287,0.15259137469503053,0.1475063461438725,0.21942873080714986,0.30779593997880794,0.22440053252958686,0.04558634415923962,0.2303111477290616,0.2353887100075451,0.18119999086975672,0.470285945125369,0.10681968479911741,0.21334050946682004,0.2528300456774389,0.2568326205625296,0.22352618026742058,0.20492465349552655,0.15773752230595706,0.20797978825039395,0.3753105877205096,0.19172957994336035,0.01839694713529585,0.21545068610639465,0.18247427811124423,0.1864392632690801,0.1846328643689741,0.19879179682914727,0.15645365902800196,1.0,0.19017468787171407,0.030651554242682028,0.26680920537306846,0.18629159254389435,0.3330501312486604,0.08136540573354986,0.2601559685776986
TATAMOTORS,0.3048293025083264,0.15551438803397213,0.16834667043220866,0.142327892339952,0.28285615976147754,,0.35125096370139636,0.056257086424002685,0.140852229152939,0.31246326770977806,0.24116326431683371,0.08833704470624487,0.22302201564302823,0.27711740125475326,0.22367071254117918,0.2887804938708465,0.372670959078017,0.2773358088994552,0.17195445832206918,0.2729310772580043,0.2658799857741301,0.3240600675167484,0.06837054047014272,0.15577454620021058,0.23922881577315352,0.20500549371915355,0.23796567044736996,0.4173193005532546,0.1910972813927024,0.3668506368245507,0.36376044442463135,0.12316663551947696,0.2943068959400675,0.26183449558386185,0.2941384158285346,0.4042954987525355,0.24502705283761858,0.273656343891351,0.3297811176949904,0.2889662116877018,0.19017468787171407,1.0,0.08947116553844936,0.32384189894756804,0.28350261912740854,0.2791356440127744,0.2593372631745993,0.334702681606933
TATASTEEL,0.01942904291078157,0.052121697781298076,0.05263613860788737,0.0660460005863739,0.0032205728747526727,,0.07350719060747977,0.10304319155571827,0.1138654221855305,0.035961514719212495,0.14187384201988681,0.005925658617993941,0.017258109439579773,0.15072638740413768,0.011757787203762847,0.07348868153530828,-0.019907771069567915,0.017688247537040628,0.0667900850182509,0.04557207923949874,0.0804091776227051,0.07845099373514237,0.07089580040192461,0.0036552145505098985,-0.00398567284278494,-0.11556838495371886,0.08630928178205734,0.09757270260050947,0.08433137018244699,0.07229528636938087,0.0440966198558931,0.017822416243485226,0.09550838143277378,0.15380501870591276,0.04862257321416454,0.08843136774168785,0.06674376824878078,0.0363180609785722,0.07800118655057076,-0.004634868241013471,0.030651554242682028,0.08947116553844936,1.0,0.040893181147947516,-0.011243910098905355,-0.0106931027087779,0.040546249409006946,0.11250425203687335
TCS,0.1042390935904693,0.05578194944618847,-0.002798897908028792,0.10809746358982414,0.11435263559996395,,0.2387668553053477,-0.01524994150547811,0.10367552086564923,0.21701170866428834,0.0882400673111439,0.15648405668313922,0.1284540124428472,0.13323253028001772,0.29024680987885837,0.1796878172154506,0.18685295866268922,0.6132781359844255,0.0439412235036752,0.09990699158560236,0.08598843393101166,0.16933948067332932,0.14336571996043,0.16658785975883555,0.06487835768877784,0.6884350828030377,0.2518582791105386,0.18165936053822124,0.157508447404943,0.19265154232082465,0.17545559800108798,0.14563295571366439,0.041627464351242136,0.08322066021095131,0.11602601307749869,0.23874736504783312,0.14765721408511262,0.10208124835656512,0.13472897236913473,0.16892007525673838,0.26680920537306846,0.32384189894756804,0.040893181147947516,1.0,0.549518397953567,0.1469181308292382,0.14650082581137097,0.5852689425413337
TECHM,0.15614652463609718,0.08292929199667881,0.06803521986904316,0.1282777366327341,0.21859548347724447,,0.18383543998540872,0.03041002278929779,0.01215066506656003,0.21479022028805655,0.061542960543427665,0.10503850127994432,0.053240792835344566,0.16982004649395246,0.2118259285782767,0.20576521662329494,0.13085366387693598,0.5121086251336763,0.15591807057260285,0.12257448480910882,0.06734133834199423,0.25830046492126496,0.09092077380529318,0.09848105481973045,0.09786305584192458,0.6104755377417207,0.23994354926246614,0.23490931137409,-0.022608395498352127,0.19527078976549186,0.20835670130486117,0.008098920600560732,0.08535416282079158,0.11198048600148466,0.13809700068850947,0.2640769384894947,0.09487136086493572,0.09610525004129274,0.1980262951967882,0.16895837031089642,0.18629159254389435,0.28350261912740854,-0.011243910098905355,0.549518397953567,1.0,0.2462996033084103,0.09446134426905715,0.5658043184093844
TITAN,0.28390096659389275,0.12163714550692725,0.15540304589884746,0.2632536057882504,0.17618294164442466,,0.3038328120555756,0.0046077494465648905,0.14829966681837445,0.27613018379025334,0.22736971152543617,0.03217091761065017,0.15041876228872367,0.14030834025239589,0.13277780816182072,0.3158356915802331,0.3704049570335021,0.17821001851235674,0.1443507580833767,0.2283743658730105,0.3267551178847896,0.20388995218788686,0.18537932183011904,0.11083969466161382,0.1878056203273028,0.20522812417518405,0.2581453322584955,0.29673249823770226,0.09765531498850842,0.17887585237258247,0.30870733186858046,0.23594632215532432,0.2709839568048728,0.07342610326906117,0.25221932886745907,0.30559055549054587,0.17216253198844153,0.22704458653646237,0.24468447874515784,0.24653820466120133,0.3330501312486604,0.2791356440127744,-0.0106931027087779,0.1469181308292382,0.2462996033084103,1.0,0.14348700413985774,0.262926136499199
TRENT,0.19204642613240616,-0.01521850762891501,0.09186078356298415,0.22511559622452512,0.14148169463373772,,0.14479029708170388,0.024804162725069474,0.12549093656781543,0.20202716444167107,0.4599671354353487,-0.029551063753967537,0.11805251931886651,0.14683465687991137,0.15832813611410804,0.2174837517424462,0.17966983796725458,0.1675385219408144,-0.015277115770331818,0.184105365150626,0.19879153213074688,0.22542564634623993,0.02012086481568848,-0.06598942609867241,0.13807781634414346,0.11169145138191308,0.15410967051347416,0.28431665269650075,0.05914631377385828,0.1419487853978062,0.19964688678719036,0.12624461605181286,0.1444552062263223,0.11569923795142294,0.09185176972938676,0.2479232371510946,0.17099588260996113,0.23173969805841313,0.18755908310871736,0.2139629698834507,0.08136540573354986,0.2593372631745993,0.040546249409006946,0.14650082581137097,0.09446134426905715,0.14348700413985774,1.0,0.13873563343400935
WIPRO,0.2917163604383514,0.1723942803407321,0.1401379403840117,0.10414245004488587,0.2644716250344888,,0.36460014893342285,0.049262654039658446,0.14379306717094162,0.23190648848511847,0.10398449169576128,0.14624635055892232,0.1649620111122291,0.19838017805870153,0.26701508934922313,0.30833205512097556,0.25926651502885334,0.5397576609224249,0.09950993593992288,0.24514186023643003,0.17335767651213424,0.23647077619484316,0.12514321210812512,0.19210875105548106,0.1212707343024328,0.5217234839349636,0.262938692539193,0.34442145731435164,0.21961274519516363,0.3264891548758078,0.2981816321220347,0.17366765123642827,0.14054081717967254,0.10584034783894093,0.21418783034575506,0.376116533986516,0.2594093560819206,0.25117719349065004,0.3230794521211661,0.22057028760232386,0.2601559685776986,0.334702681606933,0.11250425203687335,0.5852689425413337,0.5658043184093844,0.262926136499199,0.13873563343400935,1.0
